N,P,K,temperature,humidity,ph,rainfall,label
90,42,43,20.8,82.0,6.5,202.9,rice
85,58,41,21.7,80.3,7.0,226.7,rice
78,43,42,20.2,81.6,6.4,236.4,rice
71,54,16,22.6,63.7,5.7,87.8,maize
60,55,44,23.0,61.8,6.3,84.5,maize
80,43,16,23.6,71.4,6.7,71.3,maize
20,72,15,18.4,15.5,7.2,71.8,chickpea
23,72,84,19.0,17.1,7.3,80.2,chickpea
40,72,77,17.0,16.9,7.5,88.6,chickpea
5,35,20,27.0,95.0,5.8,120.0,coconut
22,30,30,29.0,91.0,5.9,140.0,coconut
18,28,31,26.5,90.1,6.0,110.5,coconut
120,40,20,25.0,80.0,7.0,80.0,cotton
115,45,18,24.8,78.0,6.8,75.2,cotton
130,35,22,26.3,82.2,7.2,92.1,cotton
20,125,200,28.0,85.0,6.2,98.0,grapes
25,130,195,29.4,83.5,6.4,90.8,grapes
18,120,205,27.5,86.2,6.1,102.4,grapes
30,20,30,31.0,70.0,5.8,95.0,mango
40,25,35,33.5,67.5,6.0,89.4,mango
20,18,32,30.6,72.2,5.6,101.3,mango
100,75,50,24.0,90.0,6.7,105.0,banana
110,80,55,25.5,88.0,6.8,115.0,banana
95,70,48,23.7,91.5,6.5,108.2,banana
5,145,205,22.0,92.0,6.1,110.0,apple
12,150,200,23.4,90.5,6.3,115.4,apple
8,140,210,21.6,93.2,5.9,104.8,apple
40,60,20,29.0,65.0,7.0,70.0,blackgram
35,62,18,30.2,63.4,7.2,68.5,blackgram
45,58,22,28.5,66.8,6.8,74.3,blackgram
100,30,30,25.0,58.0,6.5,160.0,coffee
110,35,32,24.5,60.5,6.7,155.2,coffee
95,28,29,26.2,57.3,6.4,170.6,coffee
75,45,40,25.0,82.0,6.6,180.0,jute
80,50,42,26.1,80.5,6.8,190.5,jute
70,40,38,24.3,84.0,6.4,175.7,jute
20,60,20,19.0,22.0,5.8,105.0,kidneybeans
25,65,18,18.4,24.6,5.6,112.3,kidneybeans
18,55,22,20.1,21.3,6.0,98.5,kidneybeans
20,65,20,24.0,65.0,7.0,45.0,lentil
25,70,18,23.5,63.4,6.8,50.2,lentil
18,60,22,25.2,67.1,7.2,42.6,lentil
20,45,20,28.0,85.0,6.8,50.0,mungbean
22,48,18,29.3,83.6,7.0,54.4,mungbean
18,42,22,27.5,86.2,6.6,48.7,mungbean
20,50,20,30.0,50.0,7.2,55.0,mothbeans
24,52,18,31.4,48.5,7.4,60.3,mothbeans
18,47,22,29.2,52.1,7.0,51.8,mothbeans
100,10,50,28.0,92.0,6.5,25.0,muskmelon
110,12,48,29.5,90.8,6.7,28.4,muskmelon
95,8,52,27.2,93.5,6.3,22.6,muskmelon
20,10,10,22.0,92.0,6.8,110.0,orange
25,12,12,23.4,90.2,7.0,118.5,orange
18,8,9,21.5,93.8,6.6,104.2,orange
50,60,50,33.0,92.0,6.6,140.0,papaya
55,65,52,34.5,90.5,6.8,150.3,papaya
45,58,48,32.2,93.4,6.4,132.7,papaya
20,70,20,27.0,48.0,5.8,150.0,pigeonpeas
25,75,18,28.4,46.5,6.0,160.5,pigeonpeas
18,65,22,26.2,50.3,5.6,142.8,pigeonpeas
20,10,40,23.0,90.0,6.5,105.0,pomegranate
25,12,42,24.5,88.6,6.7,112.2,pomegranate
18,8,38,22.4,91.8,6.3,98.9,pomegranate
100,10,50,26.0,85.0,6.5,50.0,watermelon
110,12,52,27.4,83.5,6.7,55.1,watermelon
95,8,48,25.3,86.2,6.3,46.7,watermelon
